<?xml version="1.0" encoding="utf-8"?>
<customUI xmlns="http://schemas.microsoft.com/office/2009/07/customui">
	<backstage>
		<tab id="customTab" label="Custom">
			<firstColumn>
				<taskGroup id="customTaskGroup" label="Custom Task Group">
					<category id="tgCategory1" label="Category One">
						<task id="task1" label="Task 1" imageMso="FileOpen"/>
						<task id="task2" label="Task 2" imageMso="FileSave"/>
						<task id="task3" label="Task 3" imageMso="FileSaveAs"/>
					</category>
				</taskGroup>
			</firstColumn>
		</tab>
	</backstage>
</customUI>