﻿<customUI xmlns="http://schemas.microsoft.com/office/2009/07/customui">
	<ribbon>
		<tabs>
			<tab id="customTab" label="Contoso" insertAfterMso="TabHome">
				<group idMso="GroupClipboard" />
				<group idMso="GroupFont" />
				<group id="customGroup" label="Contoso Tools">
					<button id="customButton1" label="ConBold" size="large" onAction="conBoldSub" imageMso="Bold" />
					<button id="customButton2" label="ConItalic" size="large" onAction="conItalicSub" imageMso="Italic" />
					<button id="customButton3" label="ConUnderline" size="large" onAction="conUnderlineSub" imageMso="Underline" />
				</group>
				<group idMso="GroupEnterDataAlignment" />
				<group idMso="GroupEnterDataNumber" />
				<group idMso="GroupQuickFormatting" />
			</tab>
		</tabs>
	</ribbon>
</customUI>
